ACACIA_BOAT,0,""
ACACIA_BUTTON,0,""
ACACIA_DOOR,0,""
ACACIA_FENCE,0,""
ACACIA_FENCE_GATE,0,""
ACACIA_LEAVES,0,""
ACACIA_LOG,0,""
ACACIA_PLANKS,0,""
ACACIA_PRESSURE_PLATE,0,""
ACACIA_SAPLING,0,""
ACACIA_SLAB,0,""
ACACIA_STAIRS,0,""
ACACIA_TRAPDOOR,0,""
ACACIA_WOOD,0,""
ACTIVATOR_RAIL,0,""
AIR,0,""
ALLIUM,0,""
ANDESITE,0,""
ANVIL,0,""
APPLE,0,""
ARMOR_STAND,0,""
ARROW,0,""
ATTACHED_MELON_STEM,0,""
ATTACHED_PUMPKIN_STEM,0,""
AZURE_BLUET,0,""
BAKED_POTATO,0,""
BARRIER,0,""
BAT_SPAWN_EGG,0,""
BEACON,0,""
BEDROCK,0,""
BEEF,0,""
BEETROOT,0,""
BEETROOTS,0,""
BEETROOT_SEEDS,0,""
BEETROOT_SOUP,0,""
BIRCH_BOAT,0,""
BIRCH_BUTTON,0,""
BIRCH_DOOR,0,""
BIRCH_FENCE,0,""
BIRCH_FENCE_GATE,0,""
BIRCH_LEAVES,0,""
BIRCH_LOG,0,""
BIRCH_PLANKS,0,""
BIRCH_PRESSURE_PLATE,0,""
BIRCH_SAPLING,0,""
BIRCH_SLAB,0,""
BIRCH_STAIRS,0,""
BIRCH_TRAPDOOR,0,""
BIRCH_WOOD,0,""
BLACK_BANNER,0,""
BLACK_BED,0,""
BLACK_CARPET,0,""
BLACK_CONCRETE,0,""
BLACK_CONCRETE_POWDER,0,""
BLACK_GLAZED_TERRACOTTA,0,""
BLACK_SHULKER_BOX,0,""
BLACK_STAINED_GLASS,0,""
BLACK_STAINED_GLASS_PANE,0,""
BLACK_TERRACOTTA,0,""
BLACK_WALL_BANNER,0,""
BLACK_WOOL,0,""
BLAZE_POWDER,0,""
BLAZE_ROD,0,""
BLAZE_SPAWN_EGG,0,""
BLUE_BANNER,0,""
BLUE_BED,0,""
BLUE_CARPET,0,""
BLUE_CONCRETE,0,""
BLUE_CONCRETE_POWDER,0,""
BLUE_GLAZED_TERRACOTTA,0,""
BLUE_ICE,0,""
BLUE_ORCHID,0,""
BLUE_SHULKER_BOX,0,""
BLUE_STAINED_GLASS,0,""
BLUE_STAINED_GLASS_PANE,0,""
BLUE_TERRACOTTA,0,""
BLUE_WALL_BANNER,0,""
BLUE_WOOL,0,""
BONE,0,""
BONE_BLOCK,0,""
BONE_MEAL,0,""
BOOK,0,""
BOOKSHELF,0,""
BOW,0,""
BOWL,0,""
BRAIN_CORAL,0,""
BRAIN_CORAL_BLOCK,0,""
BRAIN_CORAL_FAN,0,""
BRAIN_CORAL_WALL_FAN,0,""
BREAD,0,""
BREWING_STAND,0,""
BRICK,0,""
BRICKS,0,""
BRICK_SLAB,0,""
BRICK_STAIRS,0,""
BROWN_BANNER,0,""
BROWN_BED,0,""
BROWN_CARPET,0,""
BROWN_CONCRETE,0,""
BROWN_CONCRETE_POWDER,0,""
BROWN_GLAZED_TERRACOTTA,0,""
BROWN_MUSHROOM,0,""
BROWN_MUSHROOM_BLOCK,0,""
BROWN_SHULKER_BOX,0,""
BROWN_STAINED_GLASS,0,""
BROWN_STAINED_GLASS_PANE,0,""
BROWN_TERRACOTTA,0,""
BROWN_WALL_BANNER,0,""
BROWN_WOOL,0,""
BUBBLE_COLUMN,0,""
BUBBLE_CORAL,0,""
BUBBLE_CORAL_BLOCK,0,""
BUBBLE_CORAL_FAN,0,""
BUBBLE_CORAL_WALL_FAN,0,""
BUCKET,0,""
CACTUS,0,""
CACTUS_GREEN,0,""
CAKE,0,""
CARROT,0,""
CARROTS,0,""
CARROT_ON_A_STICK,0,""
CARVED_PUMPKIN,0,""
CAULDRON,0,""
CAVE_AIR,0,""
CAVE_SPIDER_SPAWN_EGG,0,""
CHAINMAIL_BOOTS,0,""
CHAINMAIL_CHESTPLATE,0,""
CHAINMAIL_HELMET,0,""
CHAINMAIL_LEGGINGS,0,""
CHAIN_COMMAND_BLOCK,0,""
CHARCOAL,0,""
CHEST,0,""
CHEST_MINECART,0,""
CHICKEN,0,""
CHICKEN_SPAWN_EGG,0,""
CHIPPED_ANVIL,0,""
CHISELED_QUARTZ_BLOCK,0,""
CHISELED_RED_SANDSTONE,0,""
CHISELED_SANDSTONE,0,""
CHISELED_STONE_BRICKS,0,""
CHORUS_FLOWER,0,""
CHORUS_FRUIT,0,""
CHORUS_PLANT,0,""
CLAY,0,""
CLAY_BALL,0,""
CLOCK,0,""
COAL,0,""
COAL_BLOCK,0,""
COAL_ORE,0,""
COARSE_DIRT,0,""
COBBLESTONE,0,""
COBBLESTONE_SLAB,0,""
COBBLESTONE_STAIRS,0,""
COBBLESTONE_WALL,0,""
COBWEB,0,""
COCOA,0,""
COCOA_BEANS,0,""
COD,0,""
COD_BUCKET,0,""
COD_SPAWN_EGG,0,""
COMMAND_BLOCK,0,""
COMMAND_BLOCK_MINECART,0,""
COMPARATOR,0,""
COMPASS,0,""
CONDUIT,0,""
COOKED_BEEF,0,""
COOKED_CHICKEN,0,""
COOKED_COD,0,""
COOKED_MUTTON,0,""
COOKED_PORKCHOP,0,""
COOKED_RABBIT,0,""
COOKED_SALMON,0,""
COOKIE,0,""
COW_SPAWN_EGG,0,""
CRACKED_STONE_BRICKS,0,""
CRAFTING_TABLE,0,""
CREEPER_HEAD,0,""
CREEPER_SPAWN_EGG,0,""
CREEPER_WALL_HEAD,0,""
CUT_RED_SANDSTONE,0,""
CUT_SANDSTONE,0,""
CYAN_BANNER,0,""
CYAN_BED,0,""
CYAN_CARPET,0,""
CYAN_CONCRETE,0,""
CYAN_CONCRETE_POWDER,0,""
CYAN_DYE,0,""
CYAN_GLAZED_TERRACOTTA,0,""
CYAN_SHULKER_BOX,0,""
CYAN_STAINED_GLASS,0,""
CYAN_STAINED_GLASS_PANE,0,""
CYAN_TERRACOTTA,0,""
CYAN_WALL_BANNER,0,""
CYAN_WOOL,0,""
DAMAGED_ANVIL,0,""
DANDELION,0,""
DANDELION_YELLOW,0,""
DARK_OAK_BOAT,0,""
DARK_OAK_BUTTON,0,""
DARK_OAK_DOOR,0,""
DARK_OAK_FENCE,0,""
DARK_OAK_FENCE_GATE,0,""
DARK_OAK_LEAVES,0,""
DARK_OAK_LOG,0,""
DARK_OAK_PLANKS,0,""
DARK_OAK_PRESSURE_PLATE,0,""
DARK_OAK_SAPLING,0,""
DARK_OAK_SLAB,0,""
DARK_OAK_STAIRS,0,""
DARK_OAK_TRAPDOOR,0,""
DARK_OAK_WOOD,0,""
DARK_PRISMARINE,0,""
DARK_PRISMARINE_SLAB,0,""
DARK_PRISMARINE_STAIRS,0,""
DAYLIGHT_DETECTOR,0,""
DEAD_BRAIN_CORAL,0,""
DEAD_BRAIN_CORAL_BLOCK,0,""
DEAD_BRAIN_CORAL_FAN,0,""
DEAD_BRAIN_CORAL_WALL_FAN,0,""
DEAD_BUBBLE_CORAL,0,""
DEAD_BUBBLE_CORAL_BLOCK,0,""
DEAD_BUBBLE_CORAL_FAN,0,""
DEAD_BUBBLE_CORAL_WALL_FAN,0,""
DEAD_BUSH,0,""
DEAD_FIRE_CORAL,0,""
DEAD_FIRE_CORAL_BLOCK,0,""
DEAD_FIRE_CORAL_FAN,0,""
DEAD_FIRE_CORAL_WALL_FAN,0,""
DEAD_HORN_CORAL,0,""
DEAD_HORN_CORAL_BLOCK,0,""
DEAD_HORN_CORAL_FAN,0,""
DEAD_HORN_CORAL_WALL_FAN,0,""
DEAD_TUBE_CORAL,0,""
DEAD_TUBE_CORAL_BLOCK,0,""
DEAD_TUBE_CORAL_FAN,0,""
DEAD_TUBE_CORAL_WALL_FAN,0,""
DEBUG_STICK,0,""
DETECTOR_RAIL,0,""
DIAMOND,0,""
DIAMOND_AXE,0,""
DIAMOND_BLOCK,0,""
DIAMOND_BOOTS,0,""
DIAMOND_CHESTPLATE,0,""
DIAMOND_HELMET,0,""
DIAMOND_HOE,0,""
DIAMOND_HORSE_ARMOR,0,""
DIAMOND_LEGGINGS,0,""
DIAMOND_ORE,0,""
DIAMOND_PICKAXE,0,""
DIAMOND_SHOVEL,0,""
DIAMOND_SWORD,0,""
DIORITE,0,""
DIRT,0,""
DISPENSER,0,""
DOLPHIN_SPAWN_EGG,0,""
DONKEY_SPAWN_EGG,0,""
DRAGON_BREATH,0,""
DRAGON_EGG,0,""
DRAGON_HEAD,0,""
DRAGON_WALL_HEAD,0,""
DRIED_KELP,0,""
DRIED_KELP_BLOCK,0,""
DROPPER,0,""
DROWNED_SPAWN_EGG,0,""
EGG,0,""
ELDER_GUARDIAN_SPAWN_EGG,0,""
ELYTRA,0,""
EMERALD,0,""
EMERALD_BLOCK,0,""
EMERALD_ORE,0,""
ENCHANTED_BOOK,0,""
ENCHANTED_GOLDEN_APPLE,0,""
ENCHANTING_TABLE,0,""
ENDERMAN_SPAWN_EGG,0,""
ENDERMITE_SPAWN_EGG,0,""
ENDER_CHEST,0,""
ENDER_EYE,0,""
ENDER_PEARL,0,""
END_CRYSTAL,0,""
END_GATEWAY,0,""
END_PORTAL,0,""
END_PORTAL_FRAME,0,""
END_ROD,0,""
END_STONE,0,""
END_STONE_BRICKS,0,""
EVOKER_SPAWN_EGG,0,""
EXPERIENCE_BOTTLE,0,""
FARMLAND,0,""
FEATHER,0,""
FERMENTED_SPIDER_EYE,0,""
FERN,0,""
FILLED_MAP,0,""
FIRE,0,""
FIREWORK_ROCKET,0,""
FIREWORK_STAR,0,""
FIRE_CHARGE,0,""
FIRE_CORAL,0,""
FIRE_CORAL_BLOCK,0,""
FIRE_CORAL_FAN,0,""
FIRE_CORAL_WALL_FAN,0,""
FISHING_ROD,0,""
FLINT,0,""
FLINT_AND_STEEL,0,""
FLOWER_POT,0,""
FROSTED_ICE,0,""
FURNACE,0,""
FURNACE_MINECART,0,""
GHAST_SPAWN_EGG,0,""
GHAST_TEAR,0,""
GLASS,0,""
GLASS_BOTTLE,0,""
GLASS_PANE,0,""
GLISTERING_MELON_SLICE,0,""
GLOWSTONE,0,""
GLOWSTONE_DUST,0,""
GOLDEN_APPLE,0,""
GOLDEN_AXE,0,""
GOLDEN_BOOTS,0,""
GOLDEN_CARROT,0,""
GOLDEN_CHESTPLATE,0,""
GOLDEN_HELMET,0,""
GOLDEN_HOE,0,""
GOLDEN_HORSE_ARMOR,0,""
GOLDEN_LEGGINGS,0,""
GOLDEN_PICKAXE,0,""
GOLDEN_SHOVEL,0,""
GOLDEN_SWORD,0,""
GOLD_BLOCK,0,""
GOLD_INGOT,0,""
GOLD_NUGGET,0,""
GOLD_ORE,0,""
GRANITE,0,""
GRASS,0,""
GRASS_BLOCK,0,""
GRASS_PATH,0,""
GRAVEL,0,""
GRAY_BANNER,0,""
GRAY_BED,0,""
GRAY_CARPET,0,""
GRAY_CONCRETE,0,""
GRAY_CONCRETE_POWDER,0,""
GRAY_DYE,0,""
GRAY_GLAZED_TERRACOTTA,0,""
GRAY_SHULKER_BOX,0,""
GRAY_STAINED_GLASS,0,""
GRAY_STAINED_GLASS_PANE,0,""
GRAY_TERRACOTTA,0,""
GRAY_WALL_BANNER,0,""
GRAY_WOOL,0,""
GREEN_BANNER,0,""
GREEN_BED,0,""
GREEN_CARPET,0,""
GREEN_CONCRETE,0,""
GREEN_CONCRETE_POWDER,0,""
GREEN_GLAZED_TERRACOTTA,0,""
GREEN_SHULKER_BOX,0,""
GREEN_STAINED_GLASS,0,""
GREEN_STAINED_GLASS_PANE,0,""
GREEN_TERRACOTTA,0,""
GREEN_WALL_BANNER,0,""
GREEN_WOOL,0,""
GUARDIAN_SPAWN_EGG,0,""
GUNPOWDER,0,""
HAY_BLOCK,0,""
HEART_OF_THE_SEA,0,""
HEAVY_WEIGHTED_PRESSURE_PLATE,0,""
HOPPER,0,""
HOPPER_MINECART,0,""
HORN_CORAL,0,""
HORN_CORAL_BLOCK,0,""
HORN_CORAL_FAN,0,""
HORN_CORAL_WALL_FAN,0,""
HORSE_SPAWN_EGG,0,""
HUSK_SPAWN_EGG,0,""
ICE,0,""
INFESTED_CHISELED_STONE_BRICKS,0,""
INFESTED_COBBLESTONE,0,""
INFESTED_CRACKED_STONE_BRICKS,0,""
INFESTED_MOSSY_STONE_BRICKS,0,""
INFESTED_STONE,0,""
INFESTED_STONE_BRICKS,0,""
INK_SAC,0,""
IRON_AXE,0,""
IRON_BARS,0,""
IRON_BLOCK,0,""
IRON_BOOTS,0,""
IRON_CHESTPLATE,0,""
IRON_DOOR,0,""
IRON_HELMET,0,""
IRON_HOE,0,""
IRON_HORSE_ARMOR,0,""
IRON_INGOT,0,""
IRON_LEGGINGS,0,""
IRON_NUGGET,0,""
IRON_ORE,0,""
IRON_PICKAXE,0,""
IRON_SHOVEL,0,""
IRON_SWORD,0,""
IRON_TRAPDOOR,0,""
ITEM_FRAME,0,""
JACK_O_LANTERN,0,""
JUKEBOX,0,""
JUNGLE_BOAT,0,""
JUNGLE_BUTTON,0,""
JUNGLE_DOOR,0,""
JUNGLE_FENCE,0,""
JUNGLE_FENCE_GATE,0,""
JUNGLE_LEAVES,0,""
JUNGLE_LOG,0,""
JUNGLE_PLANKS,0,""
JUNGLE_PRESSURE_PLATE,0,""
JUNGLE_SAPLING,0,""
JUNGLE_SLAB,0,""
JUNGLE_STAIRS,0,""
JUNGLE_TRAPDOOR,0,""
JUNGLE_WOOD,0,""
KELP,0,""
KELP_PLANT,0,""
KNOWLEDGE_BOOK,0,""
LADDER,0,""
LAPIS_BLOCK,0,""
LAPIS_LAZULI,0,""
LAPIS_ORE,0,""
LARGE_FERN,0,""
LAVA,0,""
LAVA_BUCKET,0,""
LEAD,0,""
LEATHER,0,""
LEATHER_BOOTS,0,""
LEATHER_CHESTPLATE,0,""
LEATHER_HELMET,0,""
LEATHER_LEGGINGS,0,""
LEVER,0,""
LIGHT_BLUE_BANNER,0,""
LIGHT_BLUE_BED,0,""
LIGHT_BLUE_CARPET,0,""
LIGHT_BLUE_CONCRETE,0,""
LIGHT_BLUE_CONCRETE_POWDER,0,""
LIGHT_BLUE_DYE,0,""
LIGHT_BLUE_GLAZED_TERRACOTTA,0,""
LIGHT_BLUE_SHULKER_BOX,0,""
LIGHT_BLUE_STAINED_GLASS,0,""
LIGHT_BLUE_STAINED_GLASS_PANE,0,""
LIGHT_BLUE_TERRACOTTA,0,""
LIGHT_BLUE_WALL_BANNER,0,""
LIGHT_BLUE_WOOL,0,""
LIGHT_GRAY_BANNER,0,""
LIGHT_GRAY_BED,0,""
LIGHT_GRAY_CARPET,0,""
LIGHT_GRAY_CONCRETE,0,""
LIGHT_GRAY_CONCRETE_POWDER,0,""
LIGHT_GRAY_DYE,0,""
LIGHT_GRAY_GLAZED_TERRACOTTA,0,""
LIGHT_GRAY_SHULKER_BOX,0,""
LIGHT_GRAY_STAINED_GLASS,0,""
LIGHT_GRAY_STAINED_GLASS_PANE,0,""
LIGHT_GRAY_TERRACOTTA,0,""
LIGHT_GRAY_WALL_BANNER,0,""
LIGHT_GRAY_WOOL,0,""
LIGHT_WEIGHTED_PRESSURE_PLATE,0,""
LILAC,0,""
LILY_PAD,0,""
LIME_BANNER,0,""
LIME_BED,0,""
LIME_CARPET,0,""
LIME_CONCRETE,0,""
LIME_CONCRETE_POWDER,0,""
LIME_DYE,0,""
LIME_GLAZED_TERRACOTTA,0,""
LIME_SHULKER_BOX,0,""
LIME_STAINED_GLASS,0,""
LIME_STAINED_GLASS_PANE,0,""
LIME_TERRACOTTA,0,""
LIME_WALL_BANNER,0,""
LIME_WOOL,0,""
LINGERING_POTION,0,""
LLAMA_SPAWN_EGG,0,""
MAGENTA_BANNER,0,""
MAGENTA_BED,0,""
MAGENTA_CARPET,0,""
MAGENTA_CONCRETE,0,""
MAGENTA_CONCRETE_POWDER,0,""
MAGENTA_DYE,0,""
MAGENTA_GLAZED_TERRACOTTA,0,""
MAGENTA_SHULKER_BOX,0,""
MAGENTA_STAINED_GLASS,0,""
MAGENTA_STAINED_GLASS_PANE,0,""
MAGENTA_TERRACOTTA,0,""
MAGENTA_WALL_BANNER,0,""
MAGENTA_WOOL,0,""
MAGMA_BLOCK,0,""
MAGMA_CREAM,0,""
MAGMA_CUBE_SPAWN_EGG,0,""
MAP,0,""
MELON,0,""
MELON_SEEDS,0,""
MELON_SLICE,0,""
MELON_STEM,0,""
MILK_BUCKET,0,""
MINECART,0,""
MOOSHROOM_SPAWN_EGG,0,""
MOSSY_COBBLESTONE,0,""
MOSSY_COBBLESTONE_WALL,0,""
MOSSY_STONE_BRICKS,0,""
MOVING_PISTON,0,""
MULE_SPAWN_EGG,0,""
MUSHROOM_STEM,0,""
MUSHROOM_STEW,0,""
MUSIC_DISC_11,0,""
MUSIC_DISC_13,0,""
MUSIC_DISC_BLOCKS,0,""
MUSIC_DISC_CAT,0,""
MUSIC_DISC_CHIRP,0,""
MUSIC_DISC_FAR,0,""
MUSIC_DISC_MALL,0,""
MUSIC_DISC_MELLOHI,0,""
MUSIC_DISC_STAL,0,""
MUSIC_DISC_STRAD,0,""
MUSIC_DISC_WAIT,0,""
MUSIC_DISC_WARD,0,""
MUTTON,0,""
MYCELIUM,0,""
NAME_TAG,0,""
NAUTILUS_SHELL,0,""
NETHERRACK,0,""
NETHER_BRICK,0,""
NETHER_BRICKS,0,""
NETHER_BRICK_FENCE,0,""
NETHER_BRICK_SLAB,0,""
NETHER_BRICK_STAIRS,0,""
NETHER_PORTAL,0,""
NETHER_QUARTZ_ORE,0,""
NETHER_STAR,0,""
NETHER_WART,0,""
NETHER_WART_BLOCK,0,""
NOTE_BLOCK,0,""
OAK_BOAT,0,""
OAK_BUTTON,0,""
OAK_DOOR,0,""
OAK_FENCE,0,""
OAK_FENCE_GATE,0,""
OAK_LEAVES,0,""
OAK_LOG,0,""
OAK_PLANKS,0,""
OAK_PRESSURE_PLATE,0,""
OAK_SAPLING,0,""
OAK_SLAB,0,""
OAK_STAIRS,0,""
OAK_TRAPDOOR,0,""
OAK_WOOD,0,""
OBSERVER,0,""
OBSIDIAN,0,""
OCELOT_SPAWN_EGG,0,""
ORANGE_BANNER,0,""
ORANGE_BED,0,""
ORANGE_CARPET,0,""
ORANGE_CONCRETE,0,""
ORANGE_CONCRETE_POWDER,0,""
ORANGE_DYE,0,""
ORANGE_GLAZED_TERRACOTTA,0,""
ORANGE_SHULKER_BOX,0,""
ORANGE_STAINED_GLASS,0,""
ORANGE_STAINED_GLASS_PANE,0,""
ORANGE_TERRACOTTA,0,""
ORANGE_TULIP,0,""
ORANGE_WALL_BANNER,0,""
ORANGE_WOOL,0,""
OXEYE_DAISY,0,""
PACKED_ICE,0,""
PAINTING,0,""
PAPER,0,""
PARROT_SPAWN_EGG,0,""
PEONY,0,""
PETRIFIED_OAK_SLAB,0,""
PHANTOM_MEMBRANE,0,""
PHANTOM_SPAWN_EGG,0,""
PIG_SPAWN_EGG,0,""
PINK_BANNER,0,""
PINK_BED,0,""
PINK_CARPET,0,""
PINK_CONCRETE,0,""
PINK_CONCRETE_POWDER,0,""
PINK_DYE,0,""
PINK_GLAZED_TERRACOTTA,0,""
PINK_SHULKER_BOX,0,""
PINK_STAINED_GLASS,0,""
PINK_STAINED_GLASS_PANE,0,""
PINK_TERRACOTTA,0,""
PINK_TULIP,0,""
PINK_WALL_BANNER,0,""
PINK_WOOL,0,""
PISTON,0,""
PISTON_HEAD,0,""
PLAYER_HEAD,0,""
PLAYER_WALL_HEAD,0,""
PODZOL,0,""
POISONOUS_POTATO,0,""
POLAR_BEAR_SPAWN_EGG,0,""
POLISHED_ANDESITE,0,""
POLISHED_DIORITE,0,""
POLISHED_GRANITE,0,""
POPPED_CHORUS_FRUIT,0,""
POPPY,0,""
PORKCHOP,0,""
POTATO,0,""
POTATOES,0,""
POTION,0,""
POTTED_ACACIA_SAPLING,0,""
POTTED_ALLIUM,0,""
POTTED_AZURE_BLUET,0,""
POTTED_BIRCH_SAPLING,0,""
POTTED_BLUE_ORCHID,0,""
POTTED_BROWN_MUSHROOM,0,""
POTTED_CACTUS,0,""
POTTED_DANDELION,0,""
POTTED_DARK_OAK_SAPLING,0,""
POTTED_DEAD_BUSH,0,""
POTTED_FERN,0,""
POTTED_JUNGLE_SAPLING,0,""
POTTED_OAK_SAPLING,0,""
POTTED_ORANGE_TULIP,0,""
POTTED_OXEYE_DAISY,0,""
POTTED_PINK_TULIP,0,""
POTTED_POPPY,0,""
POTTED_RED_MUSHROOM,0,""
POTTED_RED_TULIP,0,""
POTTED_SPRUCE_SAPLING,0,""
POTTED_WHITE_TULIP,0,""
POWERED_RAIL,0,""
PRISMARINE,0,""
PRISMARINE_BRICKS,0,""
PRISMARINE_BRICK_SLAB,0,""
PRISMARINE_BRICK_STAIRS,0,""
PRISMARINE_CRYSTALS,0,""
PRISMARINE_SHARD,0,""
PRISMARINE_SLAB,0,""
PRISMARINE_STAIRS,0,""
PUFFERFISH,0,""
PUFFERFISH_BUCKET,0,""
PUFFERFISH_SPAWN_EGG,0,""
PUMPKIN,0,""
PUMPKIN_PIE,0,""
PUMPKIN_SEEDS,0,""
PUMPKIN_STEM,0,""
PURPLE_BANNER,0,""
PURPLE_BED,0,""
PURPLE_CARPET,0,""
PURPLE_CONCRETE,0,""
PURPLE_CONCRETE_POWDER,0,""
PURPLE_DYE,0,""
PURPLE_GLAZED_TERRACOTTA,0,""
PURPLE_SHULKER_BOX,0,""
PURPLE_STAINED_GLASS,0,""
PURPLE_STAINED_GLASS_PANE,0,""
PURPLE_TERRACOTTA,0,""
PURPLE_WALL_BANNER,0,""
PURPLE_WOOL,0,""
PURPUR_BLOCK,0,""
PURPUR_PILLAR,0,""
PURPUR_SLAB,0,""
PURPUR_STAIRS,0,""
QUARTZ,0,""
QUARTZ_BLOCK,0,""
QUARTZ_PILLAR,0,""
QUARTZ_SLAB,0,""
QUARTZ_STAIRS,0,""
RABBIT,0,""
RABBIT_FOOT,0,""
RABBIT_HIDE,0,""
RABBIT_SPAWN_EGG,0,""
RABBIT_STEW,0,""
RAIL,0,""
REDSTONE,0,""
REDSTONE_BLOCK,0,""
REDSTONE_LAMP,0,""
REDSTONE_ORE,0,""
REDSTONE_TORCH,0,""
REDSTONE_WALL_TORCH,0,""
REDSTONE_WIRE,0,""
RED_BANNER,0,""
RED_BED,0,""
RED_CARPET,0,""
RED_CONCRETE,0,""
RED_CONCRETE_POWDER,0,""
RED_GLAZED_TERRACOTTA,0,""
RED_MUSHROOM,0,""
RED_MUSHROOM_BLOCK,0,""
RED_NETHER_BRICKS,0,""
RED_SAND,0,""
RED_SANDSTONE,0,""
RED_SANDSTONE_SLAB,0,""
RED_SANDSTONE_STAIRS,0,""
RED_SHULKER_BOX,0,""
RED_STAINED_GLASS,0,""
RED_STAINED_GLASS_PANE,0,""
RED_TERRACOTTA,0,""
RED_TULIP,0,""
RED_WALL_BANNER,0,""
RED_WOOL,0,""
REPEATER,0,""
REPEATING_COMMAND_BLOCK,0,""
ROSE_BUSH,0,""
ROSE_RED,0,""
ROTTEN_FLESH,0,""
SADDLE,0,""
SALMON,0,""
SALMON_BUCKET,0,""
SALMON_SPAWN_EGG,0,""
SAND,0,""
SANDSTONE,0,""
SANDSTONE_SLAB,0,""
SANDSTONE_STAIRS,0,""
SCUTE,0,""
SEAGRASS,0,""
SEA_LANTERN,0,""
SEA_PICKLE,0,""
SHEARS,0,""
SHEEP_SPAWN_EGG,0,""
SHIELD,0,""
SHULKER_BOX,0,""
SHULKER_SHELL,0,""
SHULKER_SPAWN_EGG,0,""
SIGN,0,""
SILVERFISH_SPAWN_EGG,0,""
SKELETON_HORSE_SPAWN_EGG,0,""
SKELETON_SKULL,0,""
SKELETON_SPAWN_EGG,0,""
SKELETON_WALL_SKULL,0,""
SLIME_BALL,0,""
SLIME_BLOCK,0,""
SLIME_SPAWN_EGG,0,""
SMOOTH_QUARTZ,0,""
SMOOTH_RED_SANDSTONE,0,""
SMOOTH_SANDSTONE,0,""
SMOOTH_STONE,0,""
SNOW,0,""
SNOWBALL,0,""
SNOW_BLOCK,0,""
SOUL_SAND,0,""
SPAWNER,0,""
SPECTRAL_ARROW,0,""
SPIDER_EYE,0,""
SPIDER_SPAWN_EGG,0,""
SPLASH_POTION,0,""
SPONGE,0,""
SPRUCE_BOAT,0,""
SPRUCE_BUTTON,0,""
SPRUCE_DOOR,0,""
SPRUCE_FENCE,0,""
SPRUCE_FENCE_GATE,0,""
SPRUCE_LEAVES,0,""
SPRUCE_LOG,0,""
SPRUCE_PLANKS,0,""
SPRUCE_PRESSURE_PLATE,0,""
SPRUCE_SAPLING,0,""
SPRUCE_SLAB,0,""
SPRUCE_STAIRS,0,""
SPRUCE_TRAPDOOR,0,""
SPRUCE_WOOD,0,""
SQUID_SPAWN_EGG,0,""
STICK,0,""
STICKY_PISTON,0,""
STONE,0,""
STONE_AXE,0,""
STONE_BRICKS,0,""
STONE_BRICK_SLAB,0,""
STONE_BRICK_STAIRS,0,""
STONE_BUTTON,0,""
STONE_HOE,0,""
STONE_PICKAXE,0,""
STONE_PRESSURE_PLATE,0,""
STONE_SHOVEL,0,""
STONE_SLAB,0,""
STONE_SWORD,0,""
STRAY_SPAWN_EGG,0,""
STRING,0,""
STRIPPED_ACACIA_LOG,0,""
STRIPPED_ACACIA_WOOD,0,""
STRIPPED_BIRCH_LOG,0,""
STRIPPED_BIRCH_WOOD,0,""
STRIPPED_DARK_OAK_LOG,0,""
STRIPPED_DARK_OAK_WOOD,0,""
STRIPPED_JUNGLE_LOG,0,""
STRIPPED_JUNGLE_WOOD,0,""
STRIPPED_OAK_LOG,0,""
STRIPPED_OAK_WOOD,0,""
STRIPPED_SPRUCE_LOG,0,""
STRIPPED_SPRUCE_WOOD,0,""
STRUCTURE_BLOCK,0,""
STRUCTURE_VOID,0,""
SUGAR,0,""
SUGAR_CANE,0,""
SUNFLOWER,0,""
TALL_GRASS,0,""
TALL_SEAGRASS,0,""
TERRACOTTA,0,""
TIPPED_ARROW,0,""
TNT,0,""
TNT_MINECART,0,""
TORCH,0,""
TOTEM_OF_UNDYING,0,""
TRAPPED_CHEST,0,""
TRIDENT,0,""
TRIPWIRE,0,""
TRIPWIRE_HOOK,0,""
TROPICAL_FISH,0,""
TROPICAL_FISH_BUCKET,0,""
TROPICAL_FISH_SPAWN_EGG,0,""
TUBE_CORAL,0,""
TUBE_CORAL_BLOCK,0,""
TUBE_CORAL_FAN,0,""
TUBE_CORAL_WALL_FAN,0,""
TURTLE_EGG,0,""
TURTLE_HELMET,0,""
TURTLE_SPAWN_EGG,0,""
VEX_SPAWN_EGG,0,""
VILLAGER_SPAWN_EGG,0,""
VINDICATOR_SPAWN_EGG,0,""
VINE,0,""
VOID_AIR,0,""
WALL_SIGN,0,""
WALL_TORCH,0,""
WATER,0,""
WATER_BUCKET,0,""
WET_SPONGE,0,""
WHEAT,0,""
WHEAT_SEEDS,0,""
WHITE_BANNER,0,""
WHITE_BED,0,""
WHITE_CARPET,0,""
WHITE_CONCRETE,0,""
WHITE_CONCRETE_POWDER,0,""
WHITE_GLAZED_TERRACOTTA,0,""
WHITE_SHULKER_BOX,0,""
WHITE_STAINED_GLASS,0,""
WHITE_STAINED_GLASS_PANE,0,""
WHITE_TERRACOTTA,0,""
WHITE_TULIP,0,""
WHITE_WALL_BANNER,0,""
WHITE_WOOL,0,""
WITCH_SPAWN_EGG,0,""
WITHER_SKELETON_SKULL,0,""
WITHER_SKELETON_SPAWN_EGG,0,""
WITHER_SKELETON_WALL_SKULL,0,""
WOLF_SPAWN_EGG,0,""
WOODEN_AXE,0,""
WOODEN_HOE,0,""
WOODEN_PICKAXE,0,""
WOODEN_SHOVEL,0,""
WOODEN_SWORD,0,""
WRITABLE_BOOK,0,""
WRITTEN_BOOK,0,""
YELLOW_BANNER,0,""
YELLOW_BED,0,""
YELLOW_CARPET,0,""
YELLOW_CONCRETE,0,""
YELLOW_CONCRETE_POWDER,0,""
YELLOW_GLAZED_TERRACOTTA,0,""
YELLOW_SHULKER_BOX,0,""
YELLOW_STAINED_GLASS,0,""
YELLOW_STAINED_GLASS_PANE,0,""
YELLOW_TERRACOTTA,0,""
YELLOW_WALL_BANNER,0,""
YELLOW_WOOL,0,""
ZOMBIE_HEAD,0,""
ZOMBIE_HORSE_SPAWN_EGG,0,""
ZOMBIE_PIGMAN_SPAWN_EGG,0,""
ZOMBIE_SPAWN_EGG,0,""
ZOMBIE_VILLAGER_SPAWN_EGG,0,""
ZOMBIE_WALL_HEAD,0,""
LEGACY_ACACIA_DOOR,0,""
LEGACY_ACACIA_DOOR_ITEM,0,""
LEGACY_ACACIA_FENCE,0,""
LEGACY_ACACIA_FENCE_GATE,0,""
LEGACY_ACACIA_STAIRS,0,""
LEGACY_ACTIVATOR_RAIL,0,""
LEGACY_AIR,0,""
LEGACY_ANVIL,0,""
LEGACY_APPLE,0,""
LEGACY_ARMOR_STAND,0,""
LEGACY_ARROW,0,""
LEGACY_BAKED_POTATO,0,""
LEGACY_BANNER,0,""
LEGACY_BARRIER,0,""
LEGACY_BEACON,0,""
LEGACY_BED,0,""
LEGACY_BEDROCK,0,""
LEGACY_BED_BLOCK,0,""
LEGACY_BEETROOT,0,""
LEGACY_BEETROOT_BLOCK,0,""
LEGACY_BEETROOT_SEEDS,0,""
LEGACY_BEETROOT_SOUP,0,""
LEGACY_BIRCH_DOOR,0,""
LEGACY_BIRCH_DOOR_ITEM,0,""
LEGACY_BIRCH_FENCE,0,""
LEGACY_BIRCH_FENCE_GATE,0,""
LEGACY_BIRCH_WOOD_STAIRS,0,""
LEGACY_BLACK_GLAZED_TERRACOTTA,0,""
LEGACY_BLACK_SHULKER_BOX,0,""
LEGACY_BLAZE_POWDER,0,""
LEGACY_BLAZE_ROD,0,""
LEGACY_BLUE_GLAZED_TERRACOTTA,0,""
LEGACY_BLUE_SHULKER_BOX,0,""
LEGACY_BOAT,0,""
LEGACY_BOAT_ACACIA,0,""
LEGACY_BOAT_BIRCH,0,""
LEGACY_BOAT_DARK_OAK,0,""
LEGACY_BOAT_JUNGLE,0,""
LEGACY_BOAT_SPRUCE,0,""
LEGACY_BONE,0,""
LEGACY_BONE_BLOCK,0,""
LEGACY_BOOK,0,""
LEGACY_BOOKSHELF,0,""
LEGACY_BOOK_AND_QUILL,0,""
LEGACY_BOW,0,""
LEGACY_BOWL,0,""
LEGACY_BREAD,0,""
LEGACY_BREWING_STAND,0,""
LEGACY_BREWING_STAND_ITEM,0,""
LEGACY_BRICK,0,""
LEGACY_BRICK_STAIRS,0,""
LEGACY_BROWN_GLAZED_TERRACOTTA,0,""
LEGACY_BROWN_MUSHROOM,0,""
LEGACY_BROWN_SHULKER_BOX,0,""
LEGACY_BUCKET,0,""
LEGACY_BURNING_FURNACE,0,""
LEGACY_CACTUS,0,""
LEGACY_CAKE,0,""
LEGACY_CAKE_BLOCK,0,""
LEGACY_CARPET,0,""
LEGACY_CARROT,0,""
LEGACY_CARROT_ITEM,0,""
LEGACY_CARROT_STICK,0,""
LEGACY_CAULDRON,0,""
LEGACY_CAULDRON_ITEM,0,""
LEGACY_CHAINMAIL_BOOTS,0,""
LEGACY_CHAINMAIL_CHESTPLATE,0,""
LEGACY_CHAINMAIL_HELMET,0,""
LEGACY_CHAINMAIL_LEGGINGS,0,""
LEGACY_CHEST,0,""
LEGACY_CHORUS_FLOWER,0,""
LEGACY_CHORUS_FRUIT,0,""
LEGACY_CHORUS_FRUIT_POPPED,0,""
LEGACY_CHORUS_PLANT,0,""
LEGACY_CLAY,0,""
LEGACY_CLAY_BALL,0,""
LEGACY_CLAY_BRICK,0,""
LEGACY_COAL,0,""
LEGACY_COAL_BLOCK,0,""
LEGACY_COAL_ORE,0,""
LEGACY_COBBLESTONE,0,""
LEGACY_COBBLESTONE_STAIRS,0,""
LEGACY_COBBLE_WALL,0,""
LEGACY_COCOA,0,""
LEGACY_COMMAND,0,""
LEGACY_COMMAND_CHAIN,0,""
LEGACY_COMMAND_MINECART,0,""
LEGACY_COMMAND_REPEATING,0,""
LEGACY_COMPASS,0,""
LEGACY_CONCRETE,0,""
LEGACY_CONCRETE_POWDER,0,""
LEGACY_COOKED_BEEF,0,""
LEGACY_COOKED_CHICKEN,0,""
LEGACY_COOKED_FISH,0,""
LEGACY_COOKED_MUTTON,0,""
LEGACY_COOKED_RABBIT,0,""
LEGACY_COOKIE,0,""
LEGACY_CROPS,0,""
LEGACY_CYAN_GLAZED_TERRACOTTA,0,""
LEGACY_CYAN_SHULKER_BOX,0,""
LEGACY_DARK_OAK_DOOR,0,""
LEGACY_DARK_OAK_DOOR_ITEM,0,""
LEGACY_DARK_OAK_FENCE,0,""
LEGACY_DARK_OAK_FENCE_GATE,0,""
LEGACY_DARK_OAK_STAIRS,0,""
LEGACY_DAYLIGHT_DETECTOR,0,""
LEGACY_DAYLIGHT_DETECTOR_INVERTED,0,""
LEGACY_DEAD_BUSH,0,""
LEGACY_DETECTOR_RAIL,0,""
LEGACY_DIAMOND,0,""
LEGACY_DIAMOND_AXE,0,""
LEGACY_DIAMOND_BARDING,0,""
LEGACY_DIAMOND_BLOCK,0,""
LEGACY_DIAMOND_BOOTS,0,""
LEGACY_DIAMOND_CHESTPLATE,0,""
LEGACY_DIAMOND_HELMET,0,""
LEGACY_DIAMOND_HOE,0,""
LEGACY_DIAMOND_LEGGINGS,0,""
LEGACY_DIAMOND_ORE,0,""
LEGACY_DIAMOND_PICKAXE,0,""
LEGACY_DIAMOND_SPADE,0,""
LEGACY_DIAMOND_SWORD,0,""
LEGACY_DIODE,0,""
LEGACY_DIODE_BLOCK_OFF,0,""
LEGACY_DIODE_BLOCK_ON,0,""
LEGACY_DIRT,0,""
LEGACY_DISPENSER,0,""
LEGACY_DOUBLE_PLANT,0,""
LEGACY_DOUBLE_STEP,0,""
LEGACY_DOUBLE_STONE_SLAB2,0,""
LEGACY_DRAGONS_BREATH,0,""
LEGACY_DRAGON_EGG,0,""
LEGACY_DROPPER,0,""
LEGACY_EGG,0,""
LEGACY_ELYTRA,0,""
LEGACY_EMERALD,0,""
LEGACY_EMERALD_BLOCK,0,""
LEGACY_EMERALD_ORE,0,""
LEGACY_EMPTY_MAP,0,""
LEGACY_ENCHANTED_BOOK,0,""
LEGACY_ENCHANTMENT_TABLE,0,""
LEGACY_ENDER_CHEST,0,""
LEGACY_ENDER_PEARL,0,""
LEGACY_ENDER_PORTAL,0,""
LEGACY_ENDER_PORTAL_FRAME,0,""
LEGACY_ENDER_STONE,0,""
LEGACY_END_BRICKS,0,""
LEGACY_END_CRYSTAL,0,""
LEGACY_END_GATEWAY,0,""
LEGACY_END_ROD,0,""
LEGACY_EXPLOSIVE_MINECART,0,""
LEGACY_EXP_BOTTLE,0,""
LEGACY_EYE_OF_ENDER,0,""
LEGACY_FEATHER,0,""
LEGACY_FENCE,0,""
LEGACY_FENCE_GATE,0,""
LEGACY_FERMENTED_SPIDER_EYE,0,""
LEGACY_FIRE,0,""
LEGACY_FIREBALL,0,""
LEGACY_FIREWORK,0,""
LEGACY_FIREWORK_CHARGE,0,""
LEGACY_FISHING_ROD,0,""
LEGACY_FLINT,0,""
LEGACY_FLINT_AND_STEEL,0,""
LEGACY_FLOWER_POT,0,""
LEGACY_FLOWER_POT_ITEM,0,""
LEGACY_FROSTED_ICE,0,""
LEGACY_FURNACE,0,""
LEGACY_GHAST_TEAR,0,""
LEGACY_GLASS,0,""
LEGACY_GLASS_BOTTLE,0,""
LEGACY_GLOWING_REDSTONE_ORE,0,""
LEGACY_GLOWSTONE,0,""
LEGACY_GLOWSTONE_DUST,0,""
LEGACY_GOLDEN_APPLE,0,""
LEGACY_GOLDEN_CARROT,0,""
LEGACY_GOLD_AXE,0,""
LEGACY_GOLD_BARDING,0,""
LEGACY_GOLD_BLOCK,0,""
LEGACY_GOLD_BOOTS,0,""
LEGACY_GOLD_CHESTPLATE,0,""
LEGACY_GOLD_HELMET,0,""
LEGACY_GOLD_HOE,0,""
LEGACY_GOLD_INGOT,0,""
LEGACY_GOLD_LEGGINGS,0,""
LEGACY_GOLD_NUGGET,0,""
LEGACY_GOLD_ORE,0,""
LEGACY_GOLD_PICKAXE,0,""
LEGACY_GOLD_PLATE,0,""
LEGACY_GOLD_RECORD,0,""
LEGACY_GOLD_SPADE,0,""
LEGACY_GOLD_SWORD,0,""
LEGACY_GRASS,0,""
LEGACY_GRASS_PATH,0,""
LEGACY_GRAVEL,0,""
LEGACY_GRAY_GLAZED_TERRACOTTA,0,""
LEGACY_GRAY_SHULKER_BOX,0,""
LEGACY_GREEN_GLAZED_TERRACOTTA,0,""
LEGACY_GREEN_RECORD,0,""
LEGACY_GREEN_SHULKER_BOX,0,""
LEGACY_GRILLED_PORK,0,""
LEGACY_HARD_CLAY,0,""
LEGACY_HAY_BLOCK,0,""
LEGACY_HOPPER,0,""
LEGACY_HOPPER_MINECART,0,""
LEGACY_HUGE_MUSHROOM_1,0,""
LEGACY_HUGE_MUSHROOM_2,0,""
LEGACY_ICE,0,""
LEGACY_INK_SACK,0,""
LEGACY_IRON_AXE,0,""
LEGACY_IRON_BARDING,0,""
LEGACY_IRON_BLOCK,0,""
LEGACY_IRON_BOOTS,0,""
LEGACY_IRON_CHESTPLATE,0,""
LEGACY_IRON_DOOR,0,""
LEGACY_IRON_DOOR_BLOCK,0,""
LEGACY_IRON_FENCE,0,""
LEGACY_IRON_HELMET,0,""
LEGACY_IRON_HOE,0,""
LEGACY_IRON_INGOT,0,""
LEGACY_IRON_LEGGINGS,0,""
LEGACY_IRON_NUGGET,0,""
LEGACY_IRON_ORE,0,""
LEGACY_IRON_PICKAXE,0,""
LEGACY_IRON_PLATE,0,""
LEGACY_IRON_SPADE,0,""
LEGACY_IRON_SWORD,0,""
LEGACY_IRON_TRAPDOOR,0,""
LEGACY_ITEM_FRAME,0,""
LEGACY_JACK_O_LANTERN,0,""
LEGACY_JUKEBOX,0,""
LEGACY_JUNGLE_DOOR,0,""
LEGACY_JUNGLE_DOOR_ITEM,0,""
LEGACY_JUNGLE_FENCE,0,""
LEGACY_JUNGLE_FENCE_GATE,0,""
LEGACY_JUNGLE_WOOD_STAIRS,0,""
LEGACY_KNOWLEDGE_BOOK,0,""
LEGACY_LADDER,0,""
LEGACY_LAPIS_BLOCK,0,""
LEGACY_LAPIS_ORE,0,""
LEGACY_LAVA,0,""
LEGACY_LAVA_BUCKET,0,""
LEGACY_LEASH,0,""
LEGACY_LEATHER,0,""
LEGACY_LEATHER_BOOTS,0,""
LEGACY_LEATHER_CHESTPLATE,0,""
LEGACY_LEATHER_HELMET,0,""
LEGACY_LEATHER_LEGGINGS,0,""
LEGACY_LEAVES,0,""
LEGACY_LEAVES_2,0,""
LEGACY_LEVER,0,""
LEGACY_LIGHT_BLUE_GLAZED_TERRACOTTA,0,""
LEGACY_LIGHT_BLUE_SHULKER_BOX,0,""
LEGACY_LIME_GLAZED_TERRACOTTA,0,""
LEGACY_LIME_SHULKER_BOX,0,""
LEGACY_LINGERING_POTION,0,""
LEGACY_LOG,0,""
LEGACY_LOG_2,0,""
LEGACY_LONG_GRASS,0,""
LEGACY_MAGENTA_GLAZED_TERRACOTTA,0,""
LEGACY_MAGENTA_SHULKER_BOX,0,""
LEGACY_MAGMA,0,""
LEGACY_MAGMA_CREAM,0,""
LEGACY_MAP,0,""
LEGACY_MELON,0,""
LEGACY_MELON_BLOCK,0,""
LEGACY_MELON_SEEDS,0,""
LEGACY_MELON_STEM,0,""
LEGACY_MILK_BUCKET,0,""
LEGACY_MINECART,0,""
LEGACY_MOB_SPAWNER,0,""
LEGACY_MONSTER_EGG,0,""
LEGACY_MONSTER_EGGS,0,""
LEGACY_MOSSY_COBBLESTONE,0,""
LEGACY_MUSHROOM_SOUP,0,""
LEGACY_MUTTON,0,""
LEGACY_MYCEL,0,""
LEGACY_NAME_TAG,0,""
LEGACY_NETHERRACK,0,""
LEGACY_NETHER_BRICK,0,""
LEGACY_NETHER_BRICK_ITEM,0,""
LEGACY_NETHER_BRICK_STAIRS,0,""
LEGACY_NETHER_FENCE,0,""
LEGACY_NETHER_STALK,0,""
LEGACY_NETHER_STAR,0,""
LEGACY_NETHER_WARTS,0,""
LEGACY_NETHER_WART_BLOCK,0,""
LEGACY_NOTE_BLOCK,0,""
LEGACY_OBSERVER,0,""
LEGACY_OBSIDIAN,0,""
LEGACY_ORANGE_GLAZED_TERRACOTTA,0,""
LEGACY_ORANGE_SHULKER_BOX,0,""
LEGACY_PACKED_ICE,0,""
LEGACY_PAINTING,0,""
LEGACY_PAPER,0,""
LEGACY_PINK_GLAZED_TERRACOTTA,0,""
LEGACY_PINK_SHULKER_BOX,0,""
LEGACY_PISTON_BASE,0,""
LEGACY_PISTON_EXTENSION,0,""
LEGACY_PISTON_MOVING_PIECE,0,""
LEGACY_PISTON_STICKY_BASE,0,""
LEGACY_POISONOUS_POTATO,0,""
LEGACY_PORK,0,""
LEGACY_PORTAL,0,""
LEGACY_POTATO,0,""
LEGACY_POTATO_ITEM,0,""
LEGACY_POTION,0,""
LEGACY_POWERED_MINECART,0,""
LEGACY_POWERED_RAIL,0,""
LEGACY_PRISMARINE,0,""
LEGACY_PRISMARINE_CRYSTALS,0,""
LEGACY_PRISMARINE_SHARD,0,""
LEGACY_PUMPKIN,0,""
LEGACY_PUMPKIN_PIE,0,""
LEGACY_PUMPKIN_SEEDS,0,""
LEGACY_PUMPKIN_STEM,0,""
LEGACY_PURPLE_GLAZED_TERRACOTTA,0,""
LEGACY_PURPLE_SHULKER_BOX,0,""
LEGACY_PURPUR_BLOCK,0,""
LEGACY_PURPUR_DOUBLE_SLAB,0,""
LEGACY_PURPUR_PILLAR,0,""
LEGACY_PURPUR_SLAB,0,""
LEGACY_PURPUR_STAIRS,0,""
LEGACY_QUARTZ,0,""
LEGACY_QUARTZ_BLOCK,0,""
LEGACY_QUARTZ_ORE,0,""
LEGACY_QUARTZ_STAIRS,0,""
LEGACY_RABBIT,0,""
LEGACY_RABBIT_FOOT,0,""
LEGACY_RABBIT_HIDE,0,""
LEGACY_RABBIT_STEW,0,""
LEGACY_RAILS,0,""
LEGACY_RAW_BEEF,0,""
LEGACY_RAW_CHICKEN,0,""
LEGACY_RAW_FISH,0,""
LEGACY_RECORD_10,0,""
LEGACY_RECORD_11,0,""
LEGACY_RECORD_12,0,""
LEGACY_RECORD_3,0,""
LEGACY_RECORD_4,0,""
LEGACY_RECORD_5,0,""
LEGACY_RECORD_6,0,""
LEGACY_RECORD_7,0,""
LEGACY_RECORD_8,0,""
LEGACY_RECORD_9,0,""
LEGACY_REDSTONE,0,""
LEGACY_REDSTONE_BLOCK,0,""
LEGACY_REDSTONE_COMPARATOR,0,""
LEGACY_REDSTONE_COMPARATOR_OFF,0,""
LEGACY_REDSTONE_COMPARATOR_ON,0,""
LEGACY_REDSTONE_LAMP_OFF,0,""
LEGACY_REDSTONE_LAMP_ON,0,""
LEGACY_REDSTONE_ORE,0,""
LEGACY_REDSTONE_TORCH_OFF,0,""
LEGACY_REDSTONE_TORCH_ON,0,""
LEGACY_REDSTONE_WIRE,0,""
LEGACY_RED_GLAZED_TERRACOTTA,0,""
LEGACY_RED_MUSHROOM,0,""
LEGACY_RED_NETHER_BRICK,0,""
LEGACY_RED_ROSE,0,""
LEGACY_RED_SANDSTONE,0,""
LEGACY_RED_SANDSTONE_STAIRS,0,""
LEGACY_RED_SHULKER_BOX,0,""
LEGACY_ROTTEN_FLESH,0,""
LEGACY_SADDLE,0,""
LEGACY_SAND,0,""
LEGACY_SANDSTONE,0,""
LEGACY_SANDSTONE_STAIRS,0,""
LEGACY_SAPLING,0,""
LEGACY_SEA_LANTERN,0,""
LEGACY_SEEDS,0,""
LEGACY_SHEARS,0,""
LEGACY_SHIELD,0,""
LEGACY_SHULKER_SHELL,0,""
LEGACY_SIGN,0,""
LEGACY_SIGN_POST,0,""
LEGACY_SILVER_GLAZED_TERRACOTTA,0,""
LEGACY_SILVER_SHULKER_BOX,0,""
LEGACY_SKULL,0,""
LEGACY_SKULL_ITEM,0,""
LEGACY_SLIME_BALL,0,""
LEGACY_SLIME_BLOCK,0,""
LEGACY_SMOOTH_BRICK,0,""
LEGACY_SMOOTH_STAIRS,0,""
LEGACY_SNOW,0,""
LEGACY_SNOW_BALL,0,""
LEGACY_SNOW_BLOCK,0,""
LEGACY_SOIL,0,""
LEGACY_SOUL_SAND,0,""
LEGACY_SPECKLED_MELON,0,""
LEGACY_SPECTRAL_ARROW,0,""
LEGACY_SPIDER_EYE,0,""
LEGACY_SPLASH_POTION,0,""
LEGACY_SPONGE,0,""
LEGACY_SPRUCE_DOOR,0,""
LEGACY_SPRUCE_DOOR_ITEM,0,""
LEGACY_SPRUCE_FENCE,0,""
LEGACY_SPRUCE_FENCE_GATE,0,""
LEGACY_SPRUCE_WOOD_STAIRS,0,""
LEGACY_STAINED_CLAY,0,""
LEGACY_STAINED_GLASS,0,""
LEGACY_STAINED_GLASS_PANE,0,""
LEGACY_STANDING_BANNER,0,""
LEGACY_STATIONARY_LAVA,0,""
LEGACY_STATIONARY_WATER,0,""
LEGACY_STEP,0,""
LEGACY_STICK,0,""
LEGACY_STONE,0,""
LEGACY_STONE_AXE,0,""
LEGACY_STONE_BUTTON,0,""
LEGACY_STONE_HOE,0,""
LEGACY_STONE_PICKAXE,0,""
LEGACY_STONE_PLATE,0,""
LEGACY_STONE_SLAB2,0,""
LEGACY_STONE_SPADE,0,""
LEGACY_STONE_SWORD,0,""
LEGACY_STORAGE_MINECART,0,""
LEGACY_STRING,0,""
LEGACY_STRUCTURE_BLOCK,0,""
LEGACY_STRUCTURE_VOID,0,""
LEGACY_SUGAR,0,""
LEGACY_SUGAR_CANE,0,""
LEGACY_SUGAR_CANE_BLOCK,0,""
LEGACY_SULPHUR,0,""
LEGACY_THIN_GLASS,0,""
LEGACY_TIPPED_ARROW,0,""
LEGACY_TNT,0,""
LEGACY_TORCH,0,""
LEGACY_TOTEM,0,""
LEGACY_TRAPPED_CHEST,0,""
LEGACY_TRAP_DOOR,0,""
LEGACY_TRIPWIRE,0,""
LEGACY_TRIPWIRE_HOOK,0,""
LEGACY_VINE,0,""
LEGACY_WALL_BANNER,0,""
LEGACY_WALL_SIGN,0,""
LEGACY_WATCH,0,""
LEGACY_WATER,0,""
LEGACY_WATER_BUCKET,0,""
LEGACY_WATER_LILY,0,""
LEGACY_WEB,0,""
LEGACY_WHEAT,0,""
LEGACY_WHITE_GLAZED_TERRACOTTA,0,""
LEGACY_WHITE_SHULKER_BOX,0,""
LEGACY_WOOD,0,""
LEGACY_WOODEN_DOOR,0,""
LEGACY_WOOD_AXE,0,""
LEGACY_WOOD_BUTTON,0,""
LEGACY_WOOD_DOOR,0,""
LEGACY_WOOD_DOUBLE_STEP,0,""
LEGACY_WOOD_HOE,0,""
LEGACY_WOOD_PICKAXE,0,""
LEGACY_WOOD_PLATE,0,""
LEGACY_WOOD_SPADE,0,""
LEGACY_WOOD_STAIRS,0,""
LEGACY_WOOD_STEP,0,""
LEGACY_WOOD_SWORD,0,""
LEGACY_WOOL,0,""
LEGACY_WORKBENCH,0,""
LEGACY_WRITTEN_BOOK,0,""
LEGACY_YELLOW_FLOWER,0,""
LEGACY_YELLOW_GLAZED_TERRACOTTA,0,""
LEGACY_YELLOW_SHULKER_BOX,0,